variant,stage5_rmse,stage6_rmse
baseline_core,14.015087365086174,14404.682427617183
exog_enhanced,14.043226943471472,14419.756157513539
