it_power_slope,it_power_intercept,total_power_slope,total_power_intercept
23.415977522812824,-642.2059080114157,-0.05740321669301271,77.08096952000227
