it_power_slope,it_power_intercept,total_power_slope,total_power_intercept
23.41597752281285,-642.2059080114165,-0.05740321669301271,77.08096952000227
