metric,mean,std,min,max,median,VaR_90,CVaR_90,VaR_95,CVaR_95,VaR_99,CVaR_99
emissions_kg_per_h,9331.335961218376,1442.342681669215,4594.622327158757,16218.612259385014,9264.641809843113,11213.154836632015,12017.63328328782,11819.148137702425,12548.890787501996,13009.522084762257,13630.581187111828
annual_emissions_tons,81742.50302027298,12634.921891422322,40248.89158591071,142075.0433922127,81158.26225422567,98227.23636889645,105274.46756160131,103535.73768627322,109928.28329851749,113963.41346251736,119403.8911990996
total_power_mw,27.033946680628727,3.2460578370733884,14.969514673366826,42.37929638232789,26.98558221757093,31.176313531134415,32.91996492854458,32.45097345610059,34.08440007101158,35.08318568454415,36.524036384917174
total_annual_cost,32582224.331797577,4192593.7836236125,17281601.513612047,53024696.86958291,32448154.99232278,37945518.96169017,40265380.67034277,39678457.65043961,41799317.78246589,43050048.48754761,44993209.959239855
carbon_cost_central,15531075.573851865,2400635.159370241,7647289.401323034,26994258.244520415,15420069.828302877,18663174.910090324,20002148.836704247,19671790.160391916,20886373.826718323,21653048.557878297,22686739.327828925
carbon_cost_high,24522750.906081896,3790476.567426697,12074667.475773212,42622513.017663814,24347478.676267702,29468170.910668936,31582340.268480394,31060721.305881966,32978484.989555243,34189024.03875521,35821167.35972988
