metric,mean,std,min,max,median,VaR_90,CVaR_90,VaR_95,CVaR_95,VaR_99,CVaR_99
emissions_kg_per_h,6256.115765156467,1036.7880583930291,2839.6805770551196,11288.455617442209,6212.342202685164,7605.552337803145,8177.088133602701,8039.898596986307,8555.326757697037,8872.91864275788,9322.661673914215
annual_emissions_tons,54803.57410277066,9082.263391522936,24875.601855002846,98886.87120879375,54420.11769552204,66624.63847915556,71631.29205035965,70429.51170960006,74944.66239742604,77726.76731055904,81666.5162634885
total_power_mw,21.557359571731755,2.5557879095645064,11.991714174761622,32.96547080074265,21.531425028157397,24.814150772227507,26.145261891703868,25.80423663519353,27.02597227030276,27.75996657169279,28.843761066339056
total_annual_cost,24009336.908609077,3089309.047621868,12763268.07322574,38383722.91449808,23915362.00537028,27972074.857329477,29630350.01834674,29209964.384362444,30726814.563653503,31665747.636047445,32949401.32916453
carbon_cost_central,10412679.079526424,1725630.0443893576,4726364.35245054,18788505.529670812,10339822.362149188,12658681.311039554,13609945.489568334,13381607.224824011,14239485.855510946,14768085.789006218,15516638.09006282
carbon_cost_high,16441072.2308312,2724679.017456881,7462680.556500854,29666061.362638123,16326035.308656614,19987391.543746665,21489387.615107898,21128853.512880016,22483398.71922781,23318030.193167713,24499954.879046556
