variant,stage5_rmse,stage6_rmse
baseline_core,14.015087365086174,533.9224543426959
exog_enhanced,14.043226943471472,1384.6642844809448
