variant,stage5_rmse,stage6_rmse
baseline_core,14.22081983663547,14403.126993599844
exog_enhanced,13.794564166428648,14408.062058298838
