{
  "runtime_minutes": 7.8,
  "target_variable": "pue",
  "models_trained": [
    "XGBoost",
    "GRU",
    "RandomForest"
  ],
  "model_metrics": {
    "XGBoost": {
      "MAE": 0.12340992450748392,
      "RMSE": 0.15335335304258255,
      "MAPE": 0.158669532199544,
      "R2": 0.9997009688301562
    },
    "GRU": {
      "MAE": 2.628739767640547,
      "RMSE": 3.244475219821015,
      "MAPE": 3.3716806955729477,
      "R2": 0.8651274914256146
    },
    "RandomForest": {
      "MAE": 0.11075066596472327,
      "RMSE": 0.21584008818107572,
      "MAPE": 0.14367801783337852,
      "R2": 0.9994076285391771
    }
  },
  "forecast_scenarios": [
    "Conservative (5%)",
    "Baseline (15%)",
    "Aggressive (25%)"
  ],
  "pue_stats": {
    "mean": 1.241906816065192,
    "min": 1.15,
    "max": 1.6
  },
  "data_sources": {
    "temperature": "NOAA (real)",
    "carbon_intensity": "EIA-930 (real)",
    "pue": "Patterson (2008) physics model"
  },
  "assumptions_removed": [
    "Sinusoidal utilization pattern (fabricated)",
    "Base utilization = 70% (arbitrary)",
    "Weekend reduction = 8% (arbitrary)"
  ]
}